<?xml version="1.0" encoding="UTF-8"?>
<configuration>
    <appender name="consoleAppender" class="ch.qos.logback.core.ConsoleAppender">
        <encoder>
            <Pattern>.%d{HH:mm:ss.SSS} [%thread] %-5level %logger{36} - %msg %n
            </Pattern>
        </encoder>
        <filter class="ch.qos.logback.classic.filter.ThresholdFilter">
            <level>TRACE</level>
        </filter>
    </appender>

    <root>
        <level value="DEBUG" />
        <appender-ref ref="consoleAppender" />
    </root>
</configuration>